{"epoch":49,"_timestamp":1.763435981349386e+09,"_wandb":{"runtime":325},"val_loss":0.18535453081130981,"_step":51,"best_epoch":14,"confusion_matrix":{"path":"media/images/confusion_matrix_51_1af9c53895f8c76bb5b3.png","format":"png","width":640,"height":480,"_type":"image-file","sha256":"1af9c53895f8c76bb5b382e3365776ed51ef6da0120b93821ece1b0322c7abb4","size":2307},"loss":0.0020698970183730125,"val_accuracy":0.9230769276618958,"best_val_loss":0.06667730212211609,"_runtime":325,"Test Accuracy":0.8818181753158569,"accuracy":1}