{"_timestamp":1.763436153225319e+09,"best_epoch":14,"Test Accuracy":0.8909090757369995,"_runtime":0,"loss":0.0023405738174915314,"epoch":49,"_wandb":{"runtime":0},"val_accuracy":0.942307710647583,"confusion_matrix":{"height":480,"_type":"image-file","sha256":"1af9c53895f8c76bb5b382e3365776ed51ef6da0120b93821ece1b0322c7abb4","size":2307,"path":"media/images/confusion_matrix_50_1af9c53895f8c76bb5b3.png","format":"png","width":640},"val_loss":0.12245241552591324,"_step":50,"best_val_loss":0.0491391159594059,"accuracy":1}